#
# MDEV-24715 Assertion !node->table->skip_alter_undo
#
CREATE TABLE t (a INT UNIQUE) ENGINE=InnoDB
REPLACE SELECT 1 AS a, 2 AS b UNION SELECT 1 AS a, 3 AS c;
SELECT * FROM t;
a	b
1	3
DROP TABLE t;
CREATE TEMPORARY TABLE t (a INT UNIQUE) ENGINE=InnoDB
REPLACE SELECT 1 AS a, 2 AS b UNION SELECT 1 AS a, 3 AS c;
SELECT * FROM t;
a	b
1	3
DROP TEMPORARY TABLE t;
